{
    "name": "root",
    "gauges": {
        "ObstacleCourse.Policy.Entropy.mean": {
            "value": 1.9963862895965576,
            "min": 1.9737144708633423,
            "max": 3.9882748126983643,
            "count": 133
        },
        "ObstacleCourse.Policy.Entropy.sum": {
            "value": 38761.8359375,
            "min": 38761.8359375,
            "max": 85859.578125,
            "count": 133
        },
        "ObstacleCourse.Environment.EpisodeLength.mean": {
            "value": 156.1968503937008,
            "min": 57.68421052631579,
            "max": 288.0289855072464,
            "count": 133
        },
        "ObstacleCourse.Environment.EpisodeLength.sum": {
            "value": 19837.0,
            "min": 19520.0,
            "max": 20307.0,
            "count": 133
        },
        "ObstacleCourse.Step.mean": {
            "value": 2659933.0,
            "min": 19920.0,
            "max": 2659933.0,
            "count": 133
        },
        "ObstacleCourse.Step.sum": {
            "value": 2659933.0,
            "min": 19920.0,
            "max": 2659933.0,
            "count": 133
        },
        "ObstacleCourse.Policy.ExtrinsicValueEstimate.mean": {
            "value": 18.283981323242188,
            "min": -0.9259488582611084,
            "max": 20.2132568359375,
            "count": 133
        },
        "ObstacleCourse.Policy.ExtrinsicValueEstimate.sum": {
            "value": 2322.065673828125,
            "min": -226.8574676513672,
            "max": 2890.49560546875,
            "count": 133
        },
        "ObstacleCourse.Environment.CumulativeReward.mean": {
            "value": 108.39564006535088,
            "min": -3.662273712521774,
            "max": 112.59166449766893,
            "count": 133
        },
        "ObstacleCourse.Environment.CumulativeReward.sum": {
            "value": 13766.24628829956,
            "min": -1248.835335969925,
            "max": 16100.608023166656,
            "count": 133
        },
        "ObstacleCourse.Policy.ExtrinsicReward.mean": {
            "value": 108.39564006535088,
            "min": -3.662273712521774,
            "max": 112.59166449766893,
            "count": 133
        },
        "ObstacleCourse.Policy.ExtrinsicReward.sum": {
            "value": 13766.24628829956,
            "min": -1248.835335969925,
            "max": 16100.608023166656,
            "count": 133
        },
        "ObstacleCourse.IsTraining.mean": {
            "value": 1.0,
            "min": 1.0,
            "max": 1.0,
            "count": 133
        },
        "ObstacleCourse.IsTraining.sum": {
            "value": 1.0,
            "min": 1.0,
            "max": 1.0,
            "count": 133
        },
        "ObstacleCourse.Losses.PolicyLoss.mean": {
            "value": 0.014030234294477851,
            "min": 0.012086280772928148,
            "max": 0.022187693405430763,
            "count": 129
        },
        "ObstacleCourse.Losses.PolicyLoss.sum": {
            "value": 0.014030234294477851,
            "min": 0.012086280772928148,
            "max": 0.022187693405430763,
            "count": 129
        },
        "ObstacleCourse.Losses.ValueLoss.mean": {
            "value": 17.212077474594118,
            "min": 1.5493321150541306,
            "max": 27.604032468795776,
            "count": 129
        },
        "ObstacleCourse.Losses.ValueLoss.sum": {
            "value": 17.212077474594118,
            "min": 1.5493321150541306,
            "max": 27.604032468795776,
            "count": 129
        },
        "ObstacleCourse.Policy.LearningRate.mean": {
            "value": 0.0002,
            "min": 0.0002,
            "max": 0.0002,
            "count": 129
        },
        "ObstacleCourse.Policy.LearningRate.sum": {
            "value": 0.0002,
            "min": 0.0002,
            "max": 0.0002,
            "count": 129
        },
        "ObstacleCourse.Policy.Epsilon.mean": {
            "value": 0.15,
            "min": 0.15,
            "max": 0.15,
            "count": 129
        },
        "ObstacleCourse.Policy.Epsilon.sum": {
            "value": 0.15,
            "min": 0.15,
            "max": 0.15,
            "count": 129
        },
        "ObstacleCourse.Policy.Beta.mean": {
            "value": 0.003,
            "min": 0.003,
            "max": 0.003,
            "count": 129
        },
        "ObstacleCourse.Policy.Beta.sum": {
            "value": 0.003,
            "min": 0.003,
            "max": 0.003,
            "count": 129
        }
    },
    "metadata": {
        "timer_format_version": "0.1.0",
        "start_time_seconds": "1682715752",
        "python_version": "3.9.0 (tags/v3.9.0:9cf6752, Oct  5 2020, 15:34:40) [MSC v.1927 64 bit (AMD64)]",
        "command_line_arguments": "J:\\Code\\mlfinalproject\\py39\\Scripts\\mlagents-learn ../ml-agents/config/ppo/WallJump.yaml --run-id=test6 --time-scale=1",
        "mlagents_version": "0.30.0",
        "mlagents_envs_version": "0.30.0",
        "communication_protocol_version": "1.5.0",
        "pytorch_version": "1.7.1+cu110",
        "numpy_version": "1.21.2",
        "end_time_seconds": "1682719028"
    },
    "total": 3276.2039991,
    "count": 1,
    "self": 0.005063699999936944,
    "children": {
        "run_training.setup": {
            "total": 0.07277330000000004,
            "count": 1,
            "self": 0.07277330000000004
        },
        "TrainerController.start_learning": {
            "total": 3276.1261621000003,
            "count": 1,
            "self": 2.229423000029783,
            "children": {
                "TrainerController._reset_env": {
                    "total": 7.7455426,
                    "count": 1,
                    "self": 7.7455426
                },
                "TrainerController.advance": {
                    "total": 3266.00397739997,
                    "count": 122520,
                    "self": 1.9707833999177637,
                    "children": {
                        "env_step": {
                            "total": 2519.712393900039,
                            "count": 122520,
                            "self": 1981.5283731000543,
                            "children": {
                                "SubprocessEnvManager._take_step": {
                                    "total": 536.8082087000255,
                                    "count": 122522,
                                    "self": 5.506752000030701,
                                    "children": {
                                        "TorchPolicy.evaluate": {
                                            "total": 531.3014566999948,
                                            "count": 111238,
                                            "self": 531.3014566999948
                                        }
                                    }
                                },
                                "workers": {
                                    "total": 1.375812099959191,
                                    "count": 122520,
                                    "self": 0.0,
                                    "children": {
                                        "worker_root": {
                                            "total": 3236.7285777999937,
                                            "count": 122520,
                                            "is_parallel": true,
                                            "self": 1438.3581336999666,
                                            "children": {
                                                "steps_from_proto": {
                                                    "total": 0.003872699999999618,
                                                    "count": 3,