{
    "name": "root",
    "gauges": {
        "ObstacleCourse.Policy.Entropy.mean": {
            "value": 2.2896625995635986,
            "min": 2.2896625995635986,
            "max": 3.988314390182495,
            "count": 118
        },
        "ObstacleCourse.Policy.Entropy.sum": {
            "value": 46983.87890625,
            "min": 34448.41796875,
            "max": 112054.1171875,
            "count": 118
        },
        "ObstacleCourse.Environment.EpisodeLength.mean": {
            "value": 191.448,
            "min": 65.33128834355828,
            "max": 532.3333333333334,
            "count": 118
        },
        "ObstacleCourse.Environment.EpisodeLength.sum": {
            "value": 23931.0,
            "min": 14337.0,
            "max": 28923.0,
            "count": 118
        },
        "ObstacleCourse.Step.mean": {
            "value": 2359904.0,
            "min": 19991.0,
            "max": 2359904.0,
            "count": 118
        },
        "ObstacleCourse.Step.sum": {
            "value": 2359904.0,
            "min": 19991.0,
            "max": 2359904.0,
            "count": 118
        },
        "ObstacleCourse.Policy.ExtrinsicValueEstimate.mean": {
            "value": 10.175904273986816,
            "min": -0.8204159140586853,
            "max": 10.175904273986816,
            "count": 118
        },
        "ObstacleCourse.Policy.ExtrinsicValueEstimate.sum": {
            "value": 1078.6458740234375,
            "min": -155.8790283203125,
            "max": 1078.6458740234375,
            "count": 118
        },
        "ObstacleCourse.Environment.CumulativeReward.mean": {
            "value": 80.60744907496111,
            "min": -3.451133039431831,
            "max": 87.2626536655426,
            "count": 118
        },
        "ObstacleCourse.Environment.CumulativeReward.sum": {
            "value": 8544.389601945877,
            "min": -1080.204641342163,
            "max": 8726.26536655426,
            "count": 118
        },
        "ObstacleCourse.Policy.ExtrinsicReward.mean": {
            "value": 80.60744907496111,
            "min": -3.451133039431831,
            "max": 87.2626536655426,
            "count": 118
        },
        "ObstacleCourse.Policy.ExtrinsicReward.sum": {
            "value": 8544.389601945877,
            "min": -1080.204641342163,
            "max": 8726.26536655426,
            "count": 118
        },
        "ObstacleCourse.IsTraining.mean": {
            "value": 1.0,
            "min": 1.0,
            "max": 1.0,
            "count": 118
        },
        "ObstacleCourse.IsTraining.sum": {
            "value": 1.0,
            "min": 1.0,
            "max": 1.0,
            "count": 118
        },
        "ObstacleCourse.Losses.PolicyLoss.mean": {
            "value": 0.01681756884790957,
            "min": 0.01172838473576121,
            "max": 0.021414178980713978,
            "count": 92
        },
        "ObstacleCourse.Losses.PolicyLoss.sum": {
            "value": 0.01681756884790957,
            "min": 0.01172838473576121,
            "max": 0.021414178980713978,
            "count": 92
        },
        "ObstacleCourse.Losses.ValueLoss.mean": {
            "value": 19.575637221336365,
            "min": 1.271940651535988,
            "max": 19.691200039603494,
            "count": 92
        },
        "ObstacleCourse.Losses.ValueLoss.sum": {
            "value": 19.575637221336365,
            "min": 1.271940651535988,
            "max": 19.691200039603494,
            "count": 92
        },
        "ObstacleCourse.Policy.LearningRate.mean": {
            "value": 0.0002,
            "min": 0.0002,
            "max": 0.00020000000000000006,
            "count": 92
        },
        "ObstacleCourse.Policy.LearningRate.sum": {
            "value": 0.0002,
            "min": 0.0002,
            "max": 0.00020000000000000006,
            "count": 92
        },
        "ObstacleCourse.Policy.Epsilon.mean": {
            "value": 0.15,
            "min": 0.15,
            "max": 0.15000000000000002,
            "count": 92
        },
        "ObstacleCourse.Policy.Epsilon.sum": {
            "value": 0.15,
            "min": 0.15,
            "max": 0.15000000000000002,
            "count": 92
        },
        "ObstacleCourse.Policy.Beta.mean": {
            "value": 0.003,
            "min": 0.0029999999999999996,
            "max": 0.003,
            "count": 92
        },
        "ObstacleCourse.Policy.Beta.sum": {
            "value": 0.003,
            "min": 0.0029999999999999996,
            "max": 0.003,
            "count": 92
        }
    },
    "metadata": {
        "timer_format_version": "0.1.0",
        "start_time_seconds": "1682712092",
        "python_version": "3.9.0 (tags/v3.9.0:9cf6752, Oct  5 2020, 15:34:40) [MSC v.1927 64 bit (AMD64)]",
        "command_line_arguments": "J:\\Code\\mlfinalproject\\py39\\Scripts\\mlagents-learn ../ml-agents/config/ppo/WallJump.yaml --run-id=test5 --force --time-scale=1",
        "mlagents_version": "0.30.0",
        "mlagents_envs_version": "0.30.0",
        "communication_protocol_version": "1.5.0",
        "pytorch_version": "1.7.1+cu110",
        "numpy_version": "1.21.2",
        "end_time_seconds": "1682715118"
    },
    "total": 3025.6063771,
    "count": 1,
    "self": 0.003908099999989645,
    "children": {
        "run_training.setup": {
            "total": 0.0772079,
            "count": 1,
            "self": 0.0772079
        },
        "TrainerController.start_learning": {
            "total": 3025.5252611,
            "count": 1,
            "self": 1.8111466999898767,
            "children": {
                "TrainerController._reset_env": {
                    "total": 13.5149627,
                    "count": 1,
                    "self": 13.5149627
                },
                "TrainerController.advance": {
                    "total": 3010.0790683000096,
                    "count": 102283,
                    "self": 1.7599577999676512,
                    "children": {
                        "env_step": {
                            "total": 2372.9552017000356,
                            "count": 102283,
                            "self": 1879.3697560999913,
                            "children": {
                                "SubprocessEnvManager._take_step": {
                                    "total": 492.3360603000197,
                                    "count": 102287,
                                    "self": 4.964688400066223,
                                    "children": {
                                        "TorchPolicy.evaluate": {
                                            "total": 487.3713718999535,
                                            "count": 99302,
                                            "self": 487.3713718999535
                                        }
                                    }
                                },
                                "workers": {
                                    "total": 1.2493853000245139,
                                    "count": 102282,
                                    "self": 0.0,
                                    "children": {
                                        "worker_root": {
                                            "total": 2933.553728200017,
                                            "count": 102282,
                                            "is_parallel": true,
                                            "self": 1269.3487248999998,
                                            "children": {
                                                "steps_from_proto": {
                                                    "total": 0.006638999999996287,